{
    "x": -5.240724563598633,
    "y": -0.9459397792816162,
    "z": 0.0
}