{
    "x": -8.132908821105957,
    "y": -4.642716884613037,
    "z": 0.0
}