{
    "x": -2.761709690093994,
    "y": -3.990344285964966,
    "z": 0.0
}