{
    "x": -8.763535499572754,
    "y": -4.251293182373047,
    "z": 0.0
}