{
    "x": -7.524028778076172,
    "y": -4.794936656951904,
    "z": 0.0
}