{
    "x": -1.0655418634414673,
    "y": -3.533684015274048,
    "z": 0.0
}